epoch,acc,loss,val_acc,val_loss
0,0.8213185667991638,0.5205471515655518,0.7331730723381042,0.9134936928749084
1,0.8648593425750732,0.39450353384017944,0.7785456776618958,0.7279847860336304
2,0.8688642382621765,0.3851693868637085,0.753004789352417,0.7738370299339294
3,0.8810843825340271,0.3527931869029999,0.7923678159713745,0.6849340796470642
4,0.8867323994636536,0.32139137387275696,0.7701321840286255,0.7901296615600586
5,0.8848839402198792,0.3310049772262573,0.772536039352417,0.780227541923523
6,0.8865270018577576,0.32942354679107666,0.7806490659713745,0.716255247592926
