epoch,acc,loss,val_acc,val_loss
0,0.8069961,0.5908150855229836,0.09550234,15.948381299170379
1,0.80852145,0.5756836602551825,0.095210284,7.860423716429238
